<?xml version="1.0" encoding="UTF-8"?>
<beans xmlns="http://www.springframework.org/schema/beans"
xmlns:xsi="http://www.w3.org/2001/XMLSchema-instance"
xmlns:context="http://www.springframework.org/schema/context"
xmlns:mvc="http://www.springframework.org/schema/mvc"
xmlns:tx="http://www.springframework.org/schema/tx"
xmlns:aop="http://www.springframework.org/schema/aop"
xsi:schemaLocation="http://www.springframework.org/schema/beans
http://www.springframework.org/schema/beans/spring-beans-3.0.xsd
http://www.springframework.org/schema/context
http://www.springframework.org/schema/context/spring-context-3.0.xsd
http://www.springframework.org/schema/mvc
http://www.springframework.org/schema/mvc/spring-mvc-3.0.xsd
http://www.springframework.org/schema/tx
http://www.springframework.org/schema/tx/spring-tx-3.0.xsd
http://www.springframework.org/schema/aop 
http://www.springframework.org/schema/aop/spring-aop-3.0.xsd">

<bean id="logging" class="com.igate.eshop.dao.LoggingInterceptor" />
<mvc:annotation-driven />
  <context:component-scan base-package="com.igate"/>
  <bean class="org.springframework.web.servlet.view.InternalResourceViewResolver">
  <property name="prefix" value="/jsp/"/>
  <property name="suffix" value=".jsp" />
  </bean>
   
   <context:property-placeholder location="classpath:oracle.properties" />

  <bean id="dataSource" class="org.springframework.jdbc.datasource.DriverManagerDataSource">
  <property name="driverClassName" value="${db.driver}" />
  <property name="url" value="${db.url}" />
  <property name="username" value="${db.user}" />
  <property name="password" value="${db.password}" />
  </bean>

  <bean id="simpleJdbcTemplate" class="org.springframework.jdbc.core.simple.SimpleJdbcTemplate">
  <constructor-arg ref="dataSource" />
  </bean>
  
 <bean id="messageSource" class="org.springframework.context.support.ResourceBundleMessageSource">
    <property name="basename" value="Eshop_error"/>
</bean>
</beans>

